{
  "HTTP Request multiply" : {
    "transaction" : "HTTP Request multiply",
    "sampleCount" : 10,
    "errorCount" : 0,
    "errorPct" : 0.0,
    "meanResTime" : 322.0,
    "medianResTime" : 316.5,
    "minResTime" : 311.0,
    "maxResTime" : 341.0,
    "pct1ResTime" : 340.0,
    "pct2ResTime" : 341.0,
    "pct3ResTime" : 341.0,
    "throughput" : 17.825311942959,
    "receivedKBytesPerSec" : 10.548963903743314,
    "sentKBytesPerSec" : 7.798573975044563
  },
  "Total" : {
    "transaction" : "Total",
    "sampleCount" : 40,
    "errorCount" : 0,
    "errorPct" : 0.0,
    "meanResTime" : 411.79999999999995,
    "medianResTime" : 330.0,
    "minResTime" : 311.0,
    "maxResTime" : 751.0,
    "pct1ResTime" : 673.6999999999999,
    "pct2ResTime" : 726.1999999999998,
    "pct3ResTime" : 751.0,
    "throughput" : 15.974440894568689,
    "receivedKBytesPerSec" : 9.34442392172524,
    "sentKBytesPerSec" : 6.9225177216453675
  },
  "HTTP Request add" : {
    "transaction" : "HTTP Request add",
    "sampleCount" : 10,
    "errorCount" : 0,
    "errorPct" : 0.0,
    "meanResTime" : 671.2,
    "medianResTime" : 658.5,
    "minResTime" : 623.0,
    "maxResTime" : 751.0,
    "pct1ResTime" : 748.7,
    "pct2ResTime" : 751.0,
    "pct3ResTime" : 751.0,
    "throughput" : 6.635700066357001,
    "receivedKBytesPerSec" : 3.8038632216323824,
    "sentKBytesPerSec" : 2.818876493032515
  },
  "HTTP Request subtract" : {
    "transaction" : "HTTP Request subtract",
    "sampleCount" : 10,
    "errorCount" : 0,
    "errorPct" : 0.0,
    "meanResTime" : 321.5,
    "medianResTime" : 321.0,
    "minResTime" : 312.0,
    "maxResTime" : 335.0,
    "pct1ResTime" : 334.5,
    "pct2ResTime" : 335.0,
    "pct3ResTime" : 335.0,
    "throughput" : 17.241379310344826,
    "receivedKBytesPerSec" : 10.203394396551724,
    "sentKBytesPerSec" : 7.57677801724138
  },
  "HTTP Request divide" : {
    "transaction" : "HTTP Request divide",
    "sampleCount" : 10,
    "errorCount" : 0,
    "errorPct" : 0.0,
    "meanResTime" : 332.5,
    "medianResTime" : 330.0,
    "minResTime" : 326.0,
    "maxResTime" : 342.0,
    "pct1ResTime" : 341.9,
    "pct2ResTime" : 342.0,
    "pct3ResTime" : 342.0,
    "throughput" : 17.452006980802793,
    "receivedKBytesPerSec" : 10.174656413612567,
    "sentKBytesPerSec" : 7.532995200698081
  }
}